"","decade","DEC22_RCP45_med","DWS22_RCP45_med","JPT22_RCP45_med","LCS22_RCP45_med","LIB22_RCP45_med","LIW22_RCP45_med","MIN22_RCP45_med","UCS22_RCP45_med","MAL22_RCP45_med","MRZ22_RCP45_med","DEC20_RCP45_med","DWS20_RCP45_med","JPT20_RCP45_med","LCS20_RCP45_med","LIB20_RCP45_med","LIW20_RCP45_med","MIN20_RCP45_med","UCS20_RCP45_med","MAL20_RCP45_med","MRZ20_RCP45_med","DEC14_RCP45_med","DWS14_RCP45_med","JPT14_RCP45_med","LCS14_RCP45_med","LIB14_RCP45_med","LIW14_RCP45_med","MIN14_RCP45_med","UCS14_RCP45_med","MAL14_RCP45_med","MRZ14_RCP45_med","DEC12_RCP45_med","DWS12_RCP45_med","JPT12_RCP45_med","LCS12_RCP45_med","LIB12_RCP45_med","LIW12_RCP45_med","MIN12_RCP45_med","UCS12_RCP45_med","MAL12_RCP45_med","MRZ12_RCP45_med","DEC22_RCP85_med","DWS22_RCP85_med","JPT22_RCP85_med","LCS22_RCP85_med","LIB22_RCP85_med","LIW22_RCP85_med","MIN22_RCP85_med","UCS22_RCP85_med","MAL22_RCP85_med","MRZ22_RCP85_med","DEC20_RCP85_med","DWS20_RCP85_med","JPT20_RCP85_med","LCS20_RCP85_med","LIB20_RCP85_med","LIW20_RCP85_med","MIN20_RCP85_med","UCS20_RCP85_med","MAL20_RCP85_med","MRZ20_RCP85_med","DEC14_RCP85_med","DWS14_RCP85_med","JPT14_RCP85_med","LCS14_RCP85_med","LIB14_RCP85_med","LIW14_RCP85_med","MIN14_RCP85_med","UCS14_RCP85_med","MAL14_RCP85_med","MRZ14_RCP85_med","DEC12_RCP85_med","DWS12_RCP85_med","JPT12_RCP85_med","LCS12_RCP85_med","LIB12_RCP85_med","LIW12_RCP85_med","MIN12_RCP85_med","UCS12_RCP85_med","MAL12_RCP85_med","MRZ12_RCP85_med","DEC22_RCP45_min","DWS22_RCP45_min","JPT22_RCP45_min","LCS22_RCP45_min","LIB22_RCP45_min","LIW22_RCP45_min","MIN22_RCP45_min","UCS22_RCP45_min","MAL22_RCP45_min","MRZ22_RCP45_min","DEC20_RCP45_min","DWS20_RCP45_min","JPT20_RCP45_min","LCS20_RCP45_min","LIB20_RCP45_min","LIW20_RCP45_min","MIN20_RCP45_min","UCS20_RCP45_min","MAL20_RCP45_min","MRZ20_RCP45_min","DEC14_RCP45_min","DWS14_RCP45_min","JPT14_RCP45_min","LCS14_RCP45_min","LIB14_RCP45_min","LIW14_RCP45_min","MIN14_RCP45_min","UCS14_RCP45_min","MAL14_RCP45_min","MRZ14_RCP45_min","DEC12_RCP45_min","DWS12_RCP45_min","JPT12_RCP45_min","LCS12_RCP45_min","LIB12_RCP45_min","LIW12_RCP45_min","MIN12_RCP45_min","UCS12_RCP45_min","MAL12_RCP45_min","MRZ12_RCP45_min","DEC22_RCP85_min","DWS22_RCP85_min","JPT22_RCP85_min","LCS22_RCP85_min","LIB22_RCP85_min","LIW22_RCP85_min","MIN22_RCP85_min","UCS22_RCP85_min","MAL22_RCP85_min","MRZ22_RCP85_min","DEC20_RCP85_min","DWS20_RCP85_min","JPT20_RCP85_min","LCS20_RCP85_min","LIB20_RCP85_min","LIW20_RCP85_min","MIN20_RCP85_min","UCS20_RCP85_min","MAL20_RCP85_min","MRZ20_RCP85_min","DEC14_RCP85_min","DWS14_RCP85_min","JPT14_RCP85_min","LCS14_RCP85_min","LIB14_RCP85_min","LIW14_RCP85_min","MIN14_RCP85_min","UCS14_RCP85_min","MAL14_RCP85_min","MRZ14_RCP85_min","DEC12_RCP85_min","DWS12_RCP85_min","JPT12_RCP85_min","LCS12_RCP85_min","LIB12_RCP85_min","LIW12_RCP85_min","MIN12_RCP85_min","UCS12_RCP85_min","MAL12_RCP85_min","MRZ12_RCP85_min","DEC22_RCP45_max","DWS22_RCP45_max","JPT22_RCP45_max","LCS22_RCP45_max","LIB22_RCP45_max","LIW22_RCP45_max","MIN22_RCP45_max","UCS22_RCP45_max","MAL22_RCP45_max","MRZ22_RCP45_max","DEC20_RCP45_max","DWS20_RCP45_max","JPT20_RCP45_max","LCS20_RCP45_max","LIB20_RCP45_max","LIW20_RCP45_max","MIN20_RCP45_max","UCS20_RCP45_max","MAL20_RCP45_max","MRZ20_RCP45_max","DEC14_RCP45_max","DWS14_RCP45_max","JPT14_RCP45_max","LCS14_RCP45_max","LIB14_RCP45_max","LIW14_RCP45_max","MIN14_RCP45_max","UCS14_RCP45_max","MAL14_RCP45_max","MRZ14_RCP45_max","DEC12_RCP45_max","DWS12_RCP45_max","JPT12_RCP45_max","LCS12_RCP45_max","LIB12_RCP45_max","LIW12_RCP45_max","MIN12_RCP45_max","UCS12_RCP45_max","MAL12_RCP45_max","MRZ12_RCP45_max","DEC22_RCP85_max","DWS22_RCP85_max","JPT22_RCP85_max","LCS22_RCP85_max","LIB22_RCP85_max","LIW22_RCP85_max","MIN22_RCP85_max","UCS22_RCP85_max","MAL22_RCP85_max","MRZ22_RCP85_max","DEC20_RCP85_max","DWS20_RCP85_max","JPT20_RCP85_max","LCS20_RCP85_max","LIB20_RCP85_max","LIW20_RCP85_max","MIN20_RCP85_max","UCS20_RCP85_max","MAL20_RCP85_max","MRZ20_RCP85_max","DEC14_RCP85_max","DWS14_RCP85_max","JPT14_RCP85_max","LCS14_RCP85_max","LIB14_RCP85_max","LIW14_RCP85_max","MIN14_RCP85_max","UCS14_RCP85_max","MAL14_RCP85_max","MRZ14_RCP85_max","DEC12_RCP85_max","DWS12_RCP85_max","JPT12_RCP85_max","LCS12_RCP85_max","LIB12_RCP85_max","LIW12_RCP85_max","MIN12_RCP85_max","UCS12_RCP85_max","MAL12_RCP85_max","MRZ12_RCP85_max"
"1","2010s",91,91.5,100.5,87,0,87.5,87,82,82,50.5,133.5,135.5,141,132.5,0,132.5,131.5,130,132,116,123,121,117,122,365,125,124.5,124,119.5,120,81.5,80.5,76.5,81.5,365,86,85,83.5,75.5,72.5,90,90,100,86.5,0,87,85,81.5,84,60.5,132.5,136,142.5,133,0,131.5,130,127.5,128.5,117,124.5,118.5,117.5,122,365,125.5,124.5,125.5,119,119.5,81,78,76,78.5,365,83.5,82,80.5,75.5,72,82,82,94,77,0,77,76,71,73,32,124,129,137,123,0,122,121,119,120,109,120,110,107,111,365,116,116,116,109,111,74,69,64,69,365,72,72,71,63,60,80,78,96,74,0,74,71,69,71,37,124,127,132,121,0,120,119,113,121,104,115,110,108,111,365,113,113,113,111,111,71,70,65,70,365,74,74,71,65,61,99,102,110,97,0,98,96,92,90,62,140,146,150,145,0,144,143,143,136,124,134,133,129,132,365,134,134,134,130,131,92,96,89,96,365,99,99,98,87,85,102,102,109,99,0,100,96,92,96,66,140,145,149,143,0,143,143,142,136,122,131,126,123,127,365,133,131,131,125,126,86,85,81,85,365,89,87,86,80,78
"2","2020s",95.5,94,105.5,91,0,91.5,90,87,87.5,60.5,135,137,143.5,135.5,0,135,131,128.5,131,118,124,123,119,123,365,127.5,126,127,121,122,77,71,72,72,365,76,75.5,72.5,70,67.5,98,95.5,110,92.5,0,94,91.5,89.5,88,67,136.5,139,146,133,0,132,130.5,130.5,131,121.5,122.5,117,114.5,118,365,123,122,121.5,117,118,75,69.5,68,68.5,365,76,75,72.5,66.5,62,83,87,95,80,0,80,79,76,78,53,127,127,137,121,0,120,120,117,121,103,117,113,109,113,365,115,115,116,111,111,68,64,61,64,365,69,68,65,60,57,91,92,99,85,0,87,83,81,83,59,132,135,141,127,0,125,124,121,129,111,116,113,110,114,365,118,118,117,112,114,65,61,61,61,365,66,66,62,60,56,101,100,111,97,0,98,95,92,93,74,143,145,152,144,0,144,143,143,140,124,127,130,122,131,365,132,132,132,125,126,95,89,83,89,365,104,100,101,82,77,107,113,120,107,0,109,103,98,100,82,143,146,152,145,0,144,143,143,139,129,126,120,118,129,365,133,131,134,123,123,82,74,76,74,365,84,83,78,73,69
"3","2030s",100.5,101,112.5,96,0,97,94.5,92,92,69.5,142,145.5,150.5,142,0,141.5,139.5,136.5,140,125,122,119.5,116,120.5,365,123.5,122.5,123,118.5,119,70.5,68,65.5,67.5,365,71.5,71,70.5,64,62,103.5,104,115,100.5,0,101,97.5,96.5,96.5,77,142.5,145.5,151,142,0,142,141,139.5,138.5,127,118,112.5,110,114,365,119.5,118.5,117,112,112.5,69.5,63,64.5,62.5,365,67,66.5,65,62.5,58,95,94,105,88,0,90,86,82,86,60,129,123,135,121,0,122,120,117,122,113,115,109,106,110,365,111,111,111,108,109,67,63,61,63,365,67,67,64,61,57,101,98,109,92,0,93,92,90,92,67,139,139,146,137,0,137,136,136,135,119,109,94,98,97,365,105,105,100,100,100,66,55,59,55,365,61,61,56,57,54,110,108,124,101,0,102,101,99,101,78,154,156,158,154,0,153,152,151,152,145,125,126,120,127,365,129,128,132,123,123,82,83,79,82,365,86,85,84,78,76,111,111,124,109,0,109,109,108,106,88,149,150,156,148,0,148,147,147,146,136,125,123,118,124,365,126,126,127,121,121,80,74,71,74,365,80,79,77,71,67
"4","2040s",110.5,106,118.5,101,0,104,99,96.5,99.5,76,146.5,149,153.5,146.5,0,146,145.5,144.5,143.5,129.5,117,110,107,112.5,365,120.5,119.5,118,111.5,113,68,64,63,64,365,69,68.5,65.5,61,58,114.5,113,119.5,111.5,0,111.5,110.5,105.5,109,87,148.5,149,155.5,147.5,0,148,146,145.5,144.5,130,110.5,106,104.5,109.5,365,113,111,111.5,107,107.5,61,59,55.5,57,365,64.5,64,62.5,54.5,51,102,96,109,91,0,91,89,87,90,71,137,135,146,131,0,131,130,128,133,124,110,101,101,102,365,104,104,102,102,104,61,56,57,56,365,65,65,60,56,49,109,103,113,101,0,101,101,98,99,81,145,143,151,140,0,140,139,138,139,124,98,97,93,97,365,99,100,98,95,95,53,52,48,52,365,54,54,53,48,31,117,117,125,115,0,116,113,110,109,93,154,154,159,150,0,149,149,148,151,135,120,119,115,120,365,125,124,124,117,119,71,71,68,70,365,75,75,72,68,65,123,126,137,121,0,123,117,116,115,95,158,158,163,156,0,155,153,152,156,147,119,111,108,112,365,124,123,119,112,118,70,68,65,69,365,70,70,70,64,62
"5","2050s",110,112,120,106.5,0,107.5,105.5,102,102.5,80,150.5,152,157,150,0,149,148,147,145.5,135,113,111,107,112.5,365,113.5,113.5,114,109,110,64,62.5,59.5,62,365,66.5,66.5,65,59,56,120.5,119,129.5,117,0,117.5,115.5,115,113,96,159,158.5,163.5,157.5,0,157.5,156.5,156,155.5,144.5,100.5,97.5,95.5,97.5,365,104,103.5,102,98.5,99,55,53,51.5,52.5,365,55,55.5,54,49.5,46,102,100,112,97,0,97,96,93,93,67,142,148,152,141,0,141,141,139,140,129,101,98,93,98,365,103,103,100,93,99,62,57,53,56,365,65,63,62,52,48,110,110,117,108,0,108,107,106,106,89,148,155,162,150,0,149,146,144,144,132,87,84,82,85,365,87,89,88,85,85,41,39,36,36,365,47,50,43,34,29,120,126,128,124,0,124,122,121,116,88,155,158,163,154,0,154,153,153,152,138,118,119,113,119,365,122,121,122,115,116,71,69,63,69,365,72,72,71,62,59,131,134,140,133,0,133,131,131,125,111,163,164,171,162,0,163,160,159,158,151,114,107,103,112,365,116,114,114,107,108,63,62,59,61,365,65,65,62,59,54
"6","2060s",114,115,125,113,0,114,109,108,106.5,92.5,150.5,152.5,159.5,149.5,0,150,147.5,146.5,146.5,136,109.5,104.5,100,105,365,109.5,109,109,103,104,60.5,60,57,60,365,63.5,63,61,56,52.5,131.5,132,139.5,127.5,0,129,125,125,123.5,111.5,163,162,168,159.5,0,159.5,158.5,158,159.5,151,89.5,85,83,86,365,91.5,92,89.5,85.5,87,42,41,37.5,40,365,45,45.5,42,36.5,24.5,111,111,120,107,0,108,103,100,103,83,145,147,154,145,0,144,142,140,142,131,103,95,95,95,365,104,104,98,98,99,54,53,50,52,365,55,55,54,49,47,125,124,132,120,0,121,119,118,119,102,160,157,164,157,0,156,155,154,157,143,80,76,74,76,365,78,80,75,76,77,39,37,30,37,365,42,42,38,30,11,122,123,132,117,0,118,114,112,113,100,157,159,165,157,0,156,155,155,153,144,115,119,112,119,365,121,121,123,115,115,69,66,64,65,365,70,69,67,64,62,136,138,145,136,0,136,135,133,130,116,169,168,175,167,0,168,165,164,165,155,101,102,95,102,365,107,107,108,99,100,46,47,40,47,365,50,50,49,39,35
"7","2070s",117,118,125.5,114,0,114.5,112.5,112,110.5,91,153,156,161,152.5,0,152,150,149.5,148.5,140.5,108.5,105,103,106.5,365,109.5,109.5,109.5,106,106,60,58.5,55,58,365,63,62,61,54,50.5,141.5,140.5,148.5,138,0,139,136.5,135.5,133.5,118.5,172.5,173,178,172,0,171,168,166.5,169.5,160.5,86,79.5,79,79.5,365,83.5,84.5,82,80.5,80.5,28.5,27.5,22,24.5,365,37,38.5,30,20.5,12.5,112,110,117,106,0,109,104,101,104,82,148,152,157,150,0,150,149,147,145,129,99,91,92,93,365,96,97,96,93,94,48,51,45,49,365,53,53,51,44,36,131,126,136,125,0,126,125,124,123,109,165,166,174,165,0,165,163,162,161,147,73,71,68,71,365,76,80,73,71,71,18,19,3,16,365,25,25,22,0,0,119,126,131,118,0,119,117,115,113,98,159,162,165,160,0,158,157,156,155,144,113,111,107,112,365,117,116,115,110,111,67,66,63,64,365,70,69,68,61,57,149,150,154,148,0,149,147,148,141,123,182,179,187,177,0,178,176,175,177,165,90,90,85,89,365,100,100,93,88,90,44,43,39,42,365,48,48,44,38,30
"8","2080s",121.5,122.5,130,120.5,0,121.5,119,117.5,117,99,159,158,164.5,157,0,157,154.5,152.5,155,142,103.5,99,94.5,100,365,104,104,103.5,98,98.5,57,53.5,53.5,52,365,56.5,56.5,54.5,53,48,147,147.5,154,143.5,0,144.5,142,140.5,140,124.5,179,177,184,176,0,176,174.5,173.5,174.5,165,74.5,73.5,70.5,73,365,77,79.5,75.5,72.5,73,15,19,8.5,16,365,27,27.5,22,8.5,3,111,114,122,105,0,105,102,98,101,83,147,147,154,142,0,141,140,139,141,129,93,91,87,92,365,92,94,93,90,91,50,47,45,47,365,50,50,47,45,39,141,138,147,136,0,137,134,133,133,117,172,168,176,167,0,168,166,165,168,158,67,63,58,64,365,68,69,64,61,62,7,9,0,9,365,10,11,9,0,0,131,134,138,133,0,133,131,132,124,105,161,165,169,164,0,164,163,160,158,150,110,104,101,105,365,111,109,109,102,103,64,60,58,61,365,64,64,62,58,55,157,163,169,158,0,158,155,152,147,129,188,185,190,185,0,185,183,183,184,178,87,83,78,80,365,89,91,87,83,84,30,28,28,28,365,38,38,29,27,23
"9","2090s",121,122,128,118,0,119,114,113,114,97,157,158,164,155,0,155,154,153,153,143,103,97,97,100,365,105,105,105,100,101,56,54,51,55,365,59,59,57,51,44,150,148,157,146,0,146,142,143,141,127,182,184,188,180,0,180,179,178,177,165,64,64,60,63,365,67,68,65,62,63,0,1,0,0,365,6,7,5,0,0,113,111,121,107,0,108,103,99,104,80,148,150,154,149,0,148,148,146,146,135,92,92,89,92,365,98,98,96,90,90,44,46,40,46,365,50,51,47,39,35,138,132,150,129,0,131,127,126,129,116,174,179,184,177,0,177,174,169,171,160,55,54,51,53,365,61,63,55,54,54,0,0,0,0,365,0,0,0,0,0,126,128,136,122,0,123,120,120,118,102,162,163,168,162,0,162,161,159,159,148,111,104,100,104,365,115,111,110,103,104,62,57,58,57,365,61,61,58,57,55,156,157,167,153,0,158,150,149,149,137,187,188,193,187,0,188,184,184,183,173,76,75,73,76,365,81,81,81,75,75,13,16,7,15,365,22,22,18,6,0
